"DATE_REC","TMOD_REC","FRQ_REC","NRO_REC","Operator ID","State Label","Sample Label","ActMod_trq.MCD.UserAvg","ActMod_trqCrS.MCD.UserAvg","APP_r.MCD.UserAvg","BattU_u.MCD.UserAvg","CEngDsT_t.MCD.UserAvg","CEngDsT_t_CHdT.MCD.UserAvg","CHdT_t.MCD.UserAvg","CHdT_uRaw.MCD.UserAvg","CoEng_bHEM.MCD.UserAvg","CoTE_tEngCoDem_VW.MCD.UserAvg","CThmst_r.MCD.UserAvg","Epm_nEng.MCD.UserAvg","EpmCaS_phiCaSOfsAvg0.MCD.UserAvg","EpmCaS_phiCaSOfsAvg1.MCD.UserAvg","EpmCaS_phiCaSOfsAvg2.MCD.UserAvg","EpmCaS_phiCaSOfsAvg3.MCD.UserAvg","EpmCaS_phiDiffCal2AdapEqAvg0.MCD.UserAvg","EpmCaS_phiDiffCal2AdapEqAvg1.MCD.UserAvg","EpmCaS_phiDiffCal2AdapEqAvg2.MCD.UserAvg","EpmCaS_phiDiffCal2AdapEqAvg3.MCD.UserAvg","ExhMod_tExhVlvB1.MCD.UserAvg","ExhMod_tExhVlvB2.MCD.UserAvg","fkmsdkb1_w_msg.MCD.UserAvg","fkmsdkb2_w_msg.MCD.UserAvg","fr2_w_msg.MCD.UserAvg","fr_w_msg.MCD.UserAvg","fra2_w.MCD.UserAvg","fra_w.MCD.UserAvg","frm2_w.MCD.UserAvg","frm_w.MCD.UserAvg","GEVCtl_agSpIntkB1.MCD.UserAvg","GEVCtl_agSpIntkB2.MCD.UserAvg","GEVCtl_agSpOutlB1.MCD.UserAvg","GEVCtl_agSpOutlB2.MCD.UserAvg","GEVlv_agIntkB1.MCD.UserAvg","GEVlv_agIntkB2.MCD.UserAvg","GEVlv_agOutlB1.MCD.UserAvg","GEVlv_agOutlB2.MCD.UserAvg","Ign_ia_real_s8.MCD.UserAvg","Ign_iaBas_s8.MCD.UserAvg","IKCtl_agKnkRtdt_as0.MCD.UserAvg","IKCtl_agKnkRtdt_as1.MCD.UserAvg","IKCtl_agKnkRtdt_as2.MCD.UserAvg","IKCtl_agKnkRtdt_as3.MCD.UserAvg","IKCtl_agKnkRtdt_as4.MCD.UserAvg","IKCtl_agKnkRtdt_as5.MCD.UserAvg","IKCtl_agKnkRtdt_as6.MCD.UserAvg","IKCtl_agKnkRtdt_as7.MCD.UserAvg","IKCtl_agKnkRtdt_as8.MCD.UserAvg","kldr_w_msg.MCD.UserAvg","lambas_msg.MCD.UserAvg","lambts2_w_msg.MCD.UserAvg","lambts_w_msg.MCD.UserAvg","lamsbg2_w.MCD.UserAvg","lamsbg_w.MCD.UserAvg","lvl_Oil.MCD.UserAvg","mds_w.MCD.UserAvg","mdverl_w.MCD.UserAvg","miist_w.MCD.UserAvg","ml_w.MCD.UserAvg","msdk_w.MCD.UserAvg","msdkb1_w_msg.MCD.UserAvg","msdkb2_w_msg.MCD.UserAvg","msdkhfs_w.MCD.UserAvg","msdkhfsb2_w.MCD.UserAvg","msdks_w.MCD.UserAvg","N_EPM.MCD.UserAvg","Oil_bSensPistCoolg.MCD.UserAvg","Oil_pRel.MCD.UserAvg","Oil_tADC.MCD.UserAvg","Oil_tPULS.MCD.UserAvg","OilPCtl_pNom.MCD.UserAvg","OilPCtl_rPmp.MCD.UserAvg","p_Oil.MCD.UserAvg","pndk_w.MCD.UserAvg","prist2_w.MCD.UserAvg","prist_w.MCD.UserAvg","prsoll2_w.MCD.UserAvg","prsoll_w.MCD.UserAvg","psr1_w_msg.MCD.UserAvg","psr2_w_msg.MCD.UserAvg","psrg1_w_msg.MCD.UserAvg","psrg2_w_msg.MCD.UserAvg","pu_w.MCD.UserAvg","pvd1_w_msg.MCD.UserAvg","pvd2_w_msg.MCD.UserAvg","pvd_w_msg.MCD.UserAvg","rl1_w.MCD.UserAvg","rl2_w.MCD.UserAvg","rl_w.MCD.UserAvg","rlsol_w.MCD.UserAvg","t_Oil_Sumpf.MCD.UserAvg","tans.MCD.UserAvg","tasr1_w_msg.MCD.UserAvg","tasr2_w_msg.MCD.UserAvg","tasr_w_msg.MCD.UserAvg","tavdk1_w_msg.MCD.UserAvg","tavdk2_w_msg.MCD.UserAvg","tfuelhpsq.MCD.UserAvg","ThrVlv_OffsLrn_I.flgOffsLrnSuc.MCD.UserAvg","ThrVlv_OffsLrnB2_I.flgOffsLrnSuc.MCD.UserAvg","ti1a_l_msg.MCD.UserAvg","ti2a_l_msg.MCD.UserAvg","ti3a_l_msg.MCD.UserAvg","tmot.MCD.UserAvg","tvldste2_w_msg.MCD.UserAvg","tvldste_w_msg.MCD.UserAvg","UEGO_ratLamSymS1B1.MCD.UserAvg","UEGO_ratLamSymS1B2.MCD.UserAvg","wdk1ba_w_msg.MCD.UserAvg","wdk2ba_w_msg.MCD.UserAvg","wdk2s_w_msg.MCD.UserAvg","wdks_w_msg.MCD.UserAvg","wdksb1_msg.MCD.UserAvg","wdksb1_w_msg.MCD.UserAvg","wdksb2_msg.MCD.UserAvg","wdksb2_w_msg.MCD.UserAvg","wdksb_w.MCD.UserAvg","wnwsa2_w.MCD.UserAvg","wnwsa_w.MCD.UserAvg","wnwse2_w.MCD.UserAvg","wnwse_w.MCD.UserAvg","wnwvfa2_w.MCD.UserAvg","wnwvfa_w.MCD.UserAvg","wnwvfe2_w.MCD.UserAvg","wnwvfe_w.MCD.UserAvg","CC_CSI.T_CLEN_BEN.CSM.UserAvg","CC_CSI.T_CLEN_BEN_SET_FB.CSM","CC_CSI.T_CLEN_BYPASS.CSM","CC_CSI.T_CLEN_COOLCON.CSM.UserAvg","FC_CSI.M_F_EN.CSM","Bh","FC_CSI.P_F_AEN.CSM.UserAvg","pKs","FC_CSI.P_F_SET_FB.CSM","FC_CSI.T_F_AEN.CSM","FC_CSI.T_F_BEN.CSM.UserAvg","FC_CSI.T_F_BEN_SET_FB.CSM","FC_CSI.T_F_FCON.CSM","FC_CSI.T_F_SET.CSM","IC_CSI.Act_Position_Flap.CSM","IC_CSI.T_Air_SP_Ramped.CSM","IC_CSI_2.Act_Position_Flap.CSM","IC_CSI_2.T_Air_SP_Ramped.CSM","TestProject.ID.CH","Dk_Ist","Dk_soll","n_Ist","n_soll","Md_Ist","Md_soll","p0.DP.UserAvg","p1L.DP.UserAvg","p1R.DP.UserAvg","p21L.DP.UserAvg","p21L_ECU.DP.UserAvg","p21R.DP.UserAvg","p21R_ECU.DP.UserAvg","p22L.DP.UserAvg","p22R.DP.UserAvg","p2L.DP.UserAvg","p2R.DP.UserAvg","p4L.DP.UserAvg","p4R.DP.UserAvg","p52L.DP.UserAvg","p52R.DP.UserAvg","Phi0.DP.UserAvg","T0.DP.UserAvg","T1L.DP.UserAvg","T1R.DP.UserAvg","T21L.DP.UserAvg","T21L_ECU.DP.UserAvg","T21R.DP.UserAvg","T21R_ECU.DP.UserAvg","T22L.DP.UserAvg","T22R.DP.UserAvg","T2L.DP.UserAvg","T2R.DP.UserAvg","T4L.DP.UserAvg","T4R.DP.UserAvg","T52L.DP.UserAvg","T52R.DP.UserAvg","T5L.DP.UserAvg","T5R.DP.UserAvg","TestObject.DIFF_SW_IST_GeVlv_Intk_B1.DP","TestObject.DIFF_SW_IST_GeVlv_Intk_B2.DP","TestObject.DIFF_SW_IST_GeVlv_Out_B1.DP","TestObject.DIFF_SW_IST_GeVlv_Out_B2.DP","TestObject.DIFF_SW_IST_Oil_p.DP","TestObject.DIFF_SW_IST_prist2_w.DP","TestObject.DIFF_SW_IST_prist_w.DP","TestObject.DIFF_SW_IST_rl2_w.DP","TestObject.DIFF_SW_IST_rl_w.DP","TestObject.DIFF_SW_IST_wdkba1_w.DP","TestObject.DIFF_SW_IST_wdkba2_w.DP","be","Pme","Pe","pKG","pOel_ZK","IR.PT100_VOR_DK.IOH","QBL_l","QBL_r","IR.T_QBL_L_1.IOH.UserAvg","IR.T_QBL_L_2.IOH.UserAvg","IR.T_QBL_R_1.IOH.UserAvg","IR.T_QBL_R_2.IOH.UserAvg","IR.TCK_AbgasPart_L.IOH","IR.TCK_AbgasPart_R.IOH","IR.TCK_InnenV.IOH","PLC_ECAT.PLC_AGR1_IW_Stellung.IOH.UserAvg","PLC_ECAT.PLC_AGR1_SW_Druck.IOH.UserAvg","PLC_ECAT.PLC_AGR1_SW_Stellung.IOH.UserAvg","PLC_ECAT.PLC_AGR2_IW_Stellung.IOH.UserAvg","PLC_ECAT.PLC_AGR2_SW_Druck.IOH.UserAvg","PLC_ECAT.PLC_AGR2_SW_Stellung.IOH.UserAvg","PLC_ECAT.PLC_CC_SW_Temp.IOH.UserAvg","PLC_ECAT.PLC_FC_SW_pos_Drucksteller.IOH.UserAvg","PLC_ECAT.PLC_FC_SW_Temp.IOH.UserAvg","pWA","pWE","TWA","TWE","PLC_ECAT.PLC_IC1_SW_Druck.IOH.UserAvg","PLC_ECAT.PLC_IC1_SW_Temp.IOH.UserAvg","PLC_ECAT.PLC_IC2_SW_Druck.IOH.UserAvg","PLC_ECAT.PLC_IC2_SW_Temp.IOH.UserAvg","PLC_ECAT.PLC_Not_Aus.IOH","PLC_ECAT.PLC_VBL_IW_Feuchte.IOH.UserAvg","PLC_ECAT.PLC_VBL_IW_Temp.IOH.UserAvg","DFES_numDFC1.MCD","DFES_numDFC2.MCD","DFES_numDFC3.MCD","DFES_numDFC4.MCD","DFES_numDFC5.MCD","DFES_numDFC6.MCD.UserAvg","EpmCaS_stAdap0.MCD","EpmCaS_stAdap1.MCD","EpmCaS_stAdap2.MCD","EpmCaS_stAdap3.MCD","Porsche_EOL.Motornummer.TA","Porsche_EOL.PLC_EKS_Benutzer.TA","Porsche_EOL.PLC_EKS_Berechtigungslevel.TA","Porsche_EOL.Zeitstempel_ZyklusLaden.TA","TestRunTSM.INFO_MSG.TSM","TestRunTSM.LoopIndex.TSM","TestRunTSM.QualityCriterion.TSM","TestRunTSM.StepIndex.TSM","TestRunTSM.StepName.TSM","TestRunTSM.StepNumber.TSM","TestRunTSM.StepPhase.TSM","TestRunTSM.StepTime.TSM","TestRunTSM.TestIndexSet.TSM","Porsche_EOL.AusgewaehlterPruefzyklus.UDS","Porsche_EOL.Bemerkung.UDS","Porsche_EOL.Destination.UDS","Porsche_EOL.FreigabeBemerkung.UDS","Porsche_EOL.Steuergeraet.UDS","Porsche_EOL.Zyklus_Status_Benutzer.UDS","PLC_ECAT.PLC_EKS_Berechtigungslevel.IOH"
"TT.MM.JJJJ","HH:MM:SS.mmm","Hz","","","","","Nm","Nm","%","mV","°C","°C","°C","V","","°C","%","rpm","°KW","°KW","°KW","°KW","°KW","°KW","°KW","°KW","°C","°C","","","","","","","","","°KW","°KW","°KW","°KW","°KW","°KW","°KW","°KW","°KW","°KW","°KW","°KW","°KW","°KW","°KW","°KW","°KW","°KW","°KW","","","","","","","mm","%","%","%","kg/h","kg/h","kg/h","kg/h","kg/h","kg/h","kg/h","min^-1","","kPa","°C","°C","kPa","%","kPa","hPa","MPa","MPa","MPa","MPa","hPa","hPa","hPa","hPa","hPa","hPa","hPa","hPa","%","%","%","%","°C","°C","°C","°C","°C","°C","°C","°C","","","ms","ms","ms","°C","%","%","","","%","%","%","%","%","%","%","%","%","°KW","°KW","°KW","°KW","°KW","°KW","°KW","°KW","°C","°C","°C","°C","kg","kg/h","bar","bar","bar","°C","°C","°C","°C","°C","%","°C","%","°C","","%","%","min^-1","min^-1","Nm","Nm","hPa","hPa","hPa","hPa","hPa","hPa","hPa","hPa","hPa","hPa","hPa","hPa","hPa","hPa","hPa","%","°C","°C","°C","°C","°C","°C","°C","°C","°C","°C","°C","°C","°C","°C","°C","°C","°C","°KW","°KW","°KW","°KW","kPa","MPa","MPa","%","%","%","%","g/kWh","bar","kW","hPa","hPa","°C","l/min","l/min","°C","°C","°C","°C","°C","°C","°C","%","hPa","%","%","hPa","%","°C","%","°C","hPa","hPa","°C","°C","hPa","°C","hPa","°C","","%","°C","","","","","","","","","","","","","","","","","","","","","","s","","","","","","","",""
"14/04/2016","19:03:19.058","100.000000000000000000","1","","","",9.09,9.05,0.00,13493.60,62.01,50.71,62.02,1.80,0,105.00,0.00,698.57,-1.93,-1.23,3.21,2.86,-1.41,-0.94,2.64,2.29,430.59,430.59,0.988,0.974,1.113,1.045,1.000,1.000,1.113,1.046,28.00,28.00,-22.00,-22.00,28.01,27.98,-22.02,-22.01,-1.55,9.33,0.00,0.00,0.00,0.00,0.00,0.00,0.00,0.00,0.00,-1.00,1.00,1.00,1.00,1.00,1.00,78.90,4.09,4.08,4.95,16.78,16.80,8.41,8.39,8.40,8.39,17.18,698.26,0,154.04,55.48,40.79,253.54,61.94,251.74,283.75,15.34,15.34,15.35,15.35,283.90,283.69,283.86,283.66,975.00,977.36,977.36,977.36,15.60,15.58,15.58,15.94,55.48,19.50,26.91,27.25,26.92,19.60,19.49,-32.25,1.00,1.00,0.54,0.00,0.00,61.50,99.98,99.98,1.00,1.00,3.89,3.95,3.98,3.95,3.80,3.92,3.90,3.98,3.91,-22.00,-22.00,28.00,28.00,-22.00,-22.02,27.98,28.00,-9999.900,70.000,-9999.900,69.995,0.000,0.000,-9999.900,6.437,0.000,-9999.900,20.002,100.000,20.000,20.000,10.5,30.0,9.7,30.0,"UNKNOWN",0.0,0.0,698.7,700.0,0.2,0.0,977.1,0.0,0.0,-5.0,977.4,-10.9,977.4,-1.9,-2.7,-1.9,-2.7,1.1,2.4,0.0,0.0,41.6,19.97,-0.00,-0.00,19.69,19.60,19.86,19.49,20.55,21.31,20.55,21.31,44.36,39.31,28.55,31.08,41.20,31.08,-0.01,0.02,0.02,0.01,1.80,0.00,0.00,0.00,0.36,-0.02,-0.03,0.000,0.005,0.0,-149.3,1449.7,no value,3.125,-13.024,20.164,20.200,19.904,19.994,100.60,99.30,22.70,67.0,0.0,67.0,65.0,0.0,65.0,70.0,57.3,20.0,1707.2,1685.9,21.57,68.20,1.0,30.00,1.0,30.00,1.000,49.87,19.97,0.00,0.00,0.00,0.00,0.00,0.00,4.00,4.00,4.00,4.00,"CVD000301","02AE3F2643001032","Level 1: Benutzerstufe Hersteller","2016-04-14 / 18:44","Datenmittelung abgeschlossen",1.00,"",1.00,"Step Nr. 10",0.00,"",10.00,0.00,"KoVOMo_kurz_01.xpdl","NONE","NONE","NONE","NONE",0.000,1
"14/04/2016","19:03:34.309","100.000000000000000000","1","","","",25.14,25.44,3.07,13510.40,62.99,51.56,63.01,1.77,0,105.00,0.00,1110.30,-1.93,-1.23,3.21,2.86,-1.41,-0.94,2.64,2.29,516.60,516.61,1.030,1.014,1.087,1.017,1.000,1.000,1.088,1.017,26.08,26.08,-20.41,-20.41,26.02,26.07,-20.43,-20.46,7.62,12.01,0.00,0.00,0.00,0.00,0.00,0.00,0.00,0.00,0.00,-0.75,1.00,1.00,1.00,1.00,1.00,78.90,3.92,3.91,6.48,30.20,30.00,15.18,14.83,15.12,14.97,32.14,1096.72,0,167.25,56.60,41.56,267.35,61.59,264.95,324.46,16.16,16.16,16.16,16.16,328.14,326.34,325.63,323.99,975.00,977.33,977.33,977.37,20.33,20.18,20.04,19.98,56.60,19.50,26.95,27.25,26.95,19.54,19.44,-32.25,1.00,1.00,0.65,0.00,0.00,62.56,39.15,39.15,0.99,0.99,6.30,6.34,6.53,6.47,6.48,6.68,6.53,6.70,6.68,-20.40,-20.45,26.15,26.15,-20.54,-20.52,26.13,26.15,-9999.900,70.000,-9999.900,70.018,0.000,0.000,-9999.900,6.436,0.000,-9999.900,20.007,100.000,20.000,20.000,10.5,30.0,9.7,30.0,"UNKNOWN",7.3,7.5,1123.6,2500.1,21.8,30.0,977.1,0.0,0.0,-5.7,977.3,-11.2,977.3,-2.4,-3.1,-2.4,-3.1,-3.2,6.5,0.0,0.0,41.7,19.97,-0.00,-0.00,19.69,19.54,19.86,19.44,20.60,21.33,20.60,21.33,44.93,39.68,30.29,32.26,45.11,32.26,0.06,0.01,0.03,0.05,2.40,-0.00,-0.00,0.00,-0.06,-0.38,-0.36,0.000,0.685,2.7,-148.3,1500.4,no value,3.127,-13.608,20.139,20.198,19.902,19.988,127.70,123.70,23.60,67.0,0.0,67.0,65.0,0.0,65.0,70.0,57.3,20.0,1707.9,1686.0,21.60,68.31,1.0,30.00,1.0,30.00,1.000,51.57,19.97,0.00,0.00,0.00,0.00,0.00,0.00,4.00,4.00,4.00,4.00,"CVD000301","02AE3F2643001032","Level 1: Benutzerstufe Hersteller","2016-04-14 / 18:44","Datenmittelung abgeschlossen",1.00,"",2.00,"Step Nr. 20",0.00,"",10.00,0.00,"KoVOMo_kurz_01.xpdl","NONE","NONE","NONE","NONE",0.000,1
"14/04/2016","19:03:49.711","100.000000000000000000","1","","","",139.11,138.75,14.68,13492.94,63.98,54.54,64.01,1.73,1,105.00,0.00,2472.96,-1.93,-1.23,3.21,2.86,-1.41,-0.94,2.64,2.29,797.83,797.83,1.001,0.994,1.018,1.023,1.000,1.000,1.016,1.018,1.15,1.15,-11.25,-11.25,1.26,1.22,-11.37,-11.21,13.06,14.15,0.00,0.00,0.00,0.00,0.00,0.00,0.00,0.00,0.00,-0.21,1.00,1.00,1.00,1.00,1.00,77.50,3.91,3.90,17.77,151.13,159.16,81.03,78.13,77.45,77.59,156.96,2472.59,0,196.63,57.92,42.35,294.46,60.43,294.33,735.01,21.83,21.82,21.83,21.83,740.27,742.49,735.27,736.96,975.00,1005.25,1005.25,1004.80,57.80,58.00,57.47,59.00,57.92,19.46,24.60,24.95,24.61,19.55,19.44,-32.25,1.00,1.00,1.50,0.00,0.00,63.56,21.13,21.13,0.99,0.99,24.38,24.44,25.08,24.95,24.45,24.56,24.80,24.90,24.56,-11.28,-11.36,1.29,1.29,-11.33,-11.46,1.36,1.41,-9999.900,70.000,-9999.900,69.872,0.000,0.000,-9999.900,6.434,0.000,-9999.900,20.006,100.000,20.000,20.000,10.5,30.0,9.7,30.0,"UNKNOWN",17.6,17.7,2473.3,2500.1,143.5,150.0,977.1,0.0,0.0,23.4,1005.3,18.2,1005.3,27.2,26.6,27.2,26.6,6.9,9.1,0.0,0.0,41.8,19.94,-0.00,-0.00,19.73,19.55,19.85,19.44,21.68,22.05,21.68,22.05,55.58,47.85,53.31,53.78,148.82,53.78,-0.11,-0.08,0.11,-0.04,0.13,-0.00,0.00,0.00,1.53,-0.18,-0.46,0.000,4.517,37.2,-130.2,1856.9,no value,4.905,-13.715,20.125,20.200,19.908,19.980,306.50,301.60,23.20,67.0,0.0,67.0,65.0,0.0,65.0,70.0,57.3,20.0,1703.0,1682.5,21.60,68.89,1.0,30.00,1.0,30.00,1.000,49.97,19.94,0.00,0.00,0.00,0.00,0.00,0.00,4.00,4.00,4.00,4.00,"CVD000301","02AE3F2643001032","Level 1: Benutzerstufe Hersteller","2016-04-14 / 18:44","Datenmittelung abgeschlossen",1.00,"",3.00,"Step Nr. 30",0.00,"",10.00,0.00,"KoVOMo_kurz_01.xpdl","NONE","NONE","NONE","NONE",0.000,1
"14/04/2016","19:04:50.485","100.000000000000000000","1","","","",55.65,55.64,6.00,13460.20,70.84,64.14,70.85,1.50,1,105.00,0.00,3000.57,-1.93,-1.23,3.21,2.86,-1.41,-0.94,2.64,2.29,803.05,803.05,1.039,1.049,0.962,0.984,1.000,1.000,0.970,0.986,4.92,4.92,-15.49,-15.49,4.95,4.86,-15.47,-15.48,17.25,16.90,0.00,0.00,0.00,0.00,0.00,0.00,0.00,0.00,0.00,-0.56,1.00,1.00,1.00,1.00,1.00,62.91,4.03,4.02,9.60,93.85,93.65,46.81,46.84,46.74,46.78,94.89,3000.25,1,212.03,65.55,49.36,310.00,59.20,309.72,552.02,19.84,19.84,19.84,19.84,551.81,552.24,551.80,552.26,975.00,1049.27,1049.27,1049.28,40.38,40.40,40.38,40.78,65.55,18.75,24.74,25.05,24.74,19.44,19.26,-32.25,1.00,1.00,1.13,0.00,0.00,70.44,88.63,88.63,1.00,1.00,14.17,14.09,14.15,14.18,14.14,14.28,14.07,14.17,14.28,-15.49,-15.48,4.92,4.92,-15.48,-15.48,4.85,4.94,-9999.900,70.000,-9999.900,69.792,0.000,0.000,-9999.900,6.437,0.000,-9999.900,20.006,100.000,19.980,20.000,10.5,30.0,9.7,30.0,"UNKNOWN",10.0,9.8,3000.3,3000.1,60.7,60.0,977.1,0.0,0.0,67.2,1049.3,61.1,1049.3,70.5,69.5,70.5,69.5,-0.3,-1.4,0.0,0.0,42.3,19.94,0.00,0.00,19.72,19.44,19.81,19.26,25.80,24.94,25.80,24.94,127.54,109.94,89.62,114.19,191.28,114.19,-0.03,0.06,-0.02,-0.01,0.27,0.00,0.00,0.00,0.39,-0.11,-0.08,0.000,1.911,19.1,-165.2,2009.7,no value,4.404,-12.530,20.082,20.200,19.902,19.967,337.10,349.00,23.60,67.0,0.0,67.0,65.0,0.0,65.0,70.0,57.3,20.0,1729.5,1709.8,21.70,68.95,1.0,30.00,1.0,30.00,1.000,50.39,19.94,0.00,0.00,0.00,0.00,0.00,0.00,4.00,4.00,4.00,4.00,"CVD000301","02AE3F2643001032","Level 1: Benutzerstufe Hersteller","2016-04-14 / 18:44","Datenmittelung abgeschlossen",1.00,"",4.00,"Step Nr. 40",0.00,"",50.00,0.00,"KoVOMo_kurz_01.xpdl","NONE","NONE","NONE","NONE",0.000,1
"14/04/2016","19:05:20.936","100.000000000000000000","1","","","",110.16,110.16,12.08,13483.60,74.26,68.62,74.28,1.40,1,105.00,0.00,2999.90,-1.93,-1.23,3.21,2.86,-1.41,-0.94,2.64,2.29,836.66,836.66,1.007,1.014,0.988,1.013,1.000,1.000,0.991,1.012,-4.67,-4.67,-8.00,-8.00,-4.63,-4.65,-8.01,-8.02,14.81,14.81,0.00,0.00,0.00,0.00,0.00,0.00,0.00,0.00,0.00,-0.07,1.00,1.00,1.00,1.00,1.00,62.55,3.82,3.81,14.84,142.74,141.38,70.65,70.73,71.51,71.46,142.26,3002.24,1,211.94,69.77,57.38,309.87,59.14,309.64,817.61,23.06,23.06,23.06,23.06,817.91,817.06,817.86,817.15,975.00,1049.74,1049.74,1049.69,61.45,61.35,61.40,61.38,69.77,18.75,24.07,24.18,24.07,19.44,19.25,-32.25,1.00,1.00,1.60,0.00,0.00,73.91,34.57,34.57,1.00,0.99,20.59,20.56,20.49,20.52,20.36,20.52,20.26,20.39,20.52,-8.00,-8.01,-4.65,-4.65,-8.01,-8.04,-4.65,-4.63,-9999.900,70.000,-9999.900,70.391,0.000,0.000,-9999.900,6.437,0.000,-9999.900,20.007,100.000,19.980,20.000,10.5,30.0,9.7,30.0,"UNKNOWN",15.5,15.5,3000.8,3000.1,119.3,120.0,977.1,0.0,0.0,68.3,1049.7,62.3,1049.7,71.7,70.8,71.7,70.8,22.4,12.8,0.0,0.0,42.7,19.94,0.00,0.00,19.72,19.44,19.81,19.25,27.26,26.13,27.26,26.13,159.16,139.60,138.32,160.72,250.18,160.72,-0.03,-0.02,0.02,0.03,0.23,0.00,0.00,0.00,-0.02,0.07,0.17,0.000,3.756,37.5,-140.2,2016.1,no value,4.408,-12.532,20.096,20.213,19.917,19.969,441.70,442.50,23.70,67.0,0.0,67.0,65.0,0.0,65.0,70.0,57.3,20.0,1749.1,1728.8,21.70,69.49,1.0,30.00,1.0,30.00,1.000,50.22,19.94,0.00,0.00,0.00,0.00,0.00,0.00,4.00,4.00,4.00,4.00,"CVD000301","02AE3F2643001032","Level 1: Benutzerstufe Hersteller","2016-04-14 / 18:44","Datenmittelung abgeschlossen",1.00,"",5.00,"Step Nr. 50",0.00,"",20.00,0.00,"KoVOMo_kurz_01.xpdl","NONE","NONE","NONE","NONE",0.000,1
"14/04/2016","19:06:21.681","100.000000000000000000","1","","","",79.65,79.61,8.80,13401.60,84.59,77.51,84.60,1.12,0,105.00,0.00,3500.45,-1.93,-1.23,3.21,2.86,-1.41,-0.94,2.64,2.29,764.19,764.19,1.028,1.028,0.983,0.986,1.000,1.000,0.984,0.986,5.58,5.58,-17.16,-17.16,5.58,5.59,-17.15,-17.16,22.07,22.07,0.00,0.00,0.00,0.00,0.00,0.00,0.00,0.00,0.00,-0.13,1.00,1.00,1.00,1.00,1.00,64.98,5.21,5.20,13.17,148.48,148.51,74.25,74.26,74.25,74.24,149.23,3500.14,1,226.98,79.34,68.77,325.00,58.48,324.68,400.05,17.37,17.37,17.37,17.37,400.04,400.19,400.00,400.18,975.00,1073.13,1073.13,1073.15,27.38,27.37,27.37,27.56,79.34,19.50,23.76,24.39,23.76,19.54,19.28,-32.25,1.00,1.00,0.81,0.00,0.00,84.26,100.00,100.00,0.99,0.99,18.28,18.28,18.30,18.31,18.12,18.31,18.11,18.30,18.31,-17.16,-17.16,5.58,5.58,-17.15,-17.15,5.58,5.59,-9999.900,70.000,-9999.900,70.324,0.000,0.000,-9999.900,6.438,0.000,-9999.900,19.998,100.000,19.960,20.000,10.5,30.0,9.7,30.0,"UNKNOWN",12.7,12.6,3500.1,3500.1,80.0,80.0,977.2,0.0,0.0,91.6,1073.1,85.5,1073.1,95.1,94.0,95.1,94.0,8.3,9.8,0.0,0.0,42.2,19.94,0.00,0.00,19.83,19.54,19.92,19.28,29.54,28.44,29.54,28.44,210.71,183.89,318.58,365.43,342.86,365.43,0.00,-0.01,-0.01,0.00,0.32,0.00,0.00,0.00,0.19,-0.03,-0.03,0.000,2.519,29.3,-149.5,2163.1,no value,4.727,-12.448,20.168,20.296,19.990,19.991,483.70,493.70,24.40,67.0,0.0,67.0,65.0,0.0,65.0,70.0,57.3,20.0,1792.4,1774.6,21.80,69.77,1.0,30.00,1.0,30.00,1.000,47.00,19.94,0.00,0.00,0.00,0.00,0.00,0.00,4.00,4.00,4.00,4.00,"CVD000301","02AE3F2643001032","Level 1: Benutzerstufe Hersteller","2016-04-14 / 18:44","Datenmittelung abgeschlossen",1.00,"",6.00,"Step Nr. 60",0.00,"",50.00,0.00,"KoVOMo_kurz_01.xpdl","NONE","NONE","NONE","NONE",0.000,1
"14/04/2016","19:06:52.132","100.000000000000000000","1","","","",140.68,140.81,14.71,13395.80,88.93,82.00,88.95,1.01,0,105.00,0.00,3501.08,-1.93,-1.23,3.21,2.86,-1.41,-0.94,2.64,2.29,815.23,815.23,1.013,1.020,0.982,0.991,1.000,1.000,0.982,0.991,0.72,0.72,-14.80,-14.80,0.71,0.73,-14.81,-14.82,19.21,19.21,0.00,0.00,0.00,0.00,0.00,0.00,0.00,0.00,0.00,-0.30,1.00,1.00,1.00,1.00,1.00,65.94,4.95,4.94,19.03,211.98,211.60,105.72,105.88,106.10,105.98,212.43,3500.71,1,227.00,84.29,73.25,324.98,58.55,324.70,540.44,19.69,19.69,19.69,19.69,540.20,540.05,540.63,540.29,975.00,1172.46,1172.46,1172.41,39.05,39.03,39.06,39.04,84.29,19.50,23.45,23.64,23.45,19.65,19.47,-32.25,1.00,1.00,1.05,0.00,0.00,88.56,100.00,100.00,0.99,0.99,20.91,20.82,20.80,20.84,20.73,20.84,20.65,20.79,20.84,-14.80,-14.79,0.72,0.72,-14.80,-14.81,0.72,0.71,-9999.900,70.000,-9999.900,70.592,0.000,0.000,-9999.900,6.438,0.000,-9999.900,20.000,100.000,19.950,20.000,10.5,30.0,9.7,30.0,"UNKNOWN",17.8,17.8,3500.2,3500.1,139.9,140.0,977.2,0.0,0.0,191.8,1172.5,185.4,1172.5,195.5,194.1,195.5,194.1,13.9,15.8,0.0,0.0,40.9,19.94,0.00,0.00,19.99,19.65,20.08,19.48,33.28,31.51,33.28,31.51,238.62,209.56,369.50,424.83,394.61,424.83,0.01,-0.00,0.02,0.03,0.28,0.00,0.00,0.00,-0.02,0.07,0.03,0.000,4.403,51.3,-148.5,2159.2,no value,4.457,-11.869,20.198,20.300,20.001,19.999,545.00,550.90,24.80,67.0,0.0,67.0,65.0,0.0,65.0,70.0,57.3,20.0,1828.7,1809.2,21.89,69.90,1.0,30.00,1.0,30.00,1.000,49.22,19.94,0.00,0.00,0.00,0.00,0.00,0.00,4.00,4.00,4.00,4.00,"CVD000301","02AE3F2643001032","Level 1: Benutzerstufe Hersteller","2016-04-14 / 18:44","Datenmittelung abgeschlossen",1.00,"",7.00,"Step Nr. 70",0.00,"",20.00,0.00,"KoVOMo_kurz_01.xpdl","NONE","NONE","NONE","NONE",0.000,1
"14/04/2016","19:07:22.715","100.000000000000000000","1","","","",14.54,14.62,0.00,13502.38,89.91,84.71,89.91,1.00,0,105.00,0.00,698.59,-1.54,-1.05,3.54,2.86,-1.49,-1.01,3.12,2.64,414.66,414.66,1.003,0.988,1.002,0.933,1.000,1.000,1.011,0.942,28.00,28.00,-22.00,-22.00,28.24,28.09,-22.06,-22.03,-2.81,9.33,0.00,0.00,0.00,0.00,0.00,0.00,0.00,0.00,0.00,-1.00,1.00,1.00,1.00,1.00,1.00,82.00,3.64,3.63,5.06,16.13,16.14,8.08,8.07,8.07,8.06,16.52,697.73,0,153.44,87.37,78.15,251.18,62.16,251.14,281.61,12.00,12.00,12.00,12.00,281.68,281.63,281.65,281.59,975.00,978.13,978.13,978.13,15.02,15.00,15.00,15.34,87.37,18.75,26.55,26.50,26.56,19.33,19.13,-32.25,1.00,1.00,0.53,0.00,0.00,89.25,99.93,99.93,1.01,1.01,3.56,3.66,3.68,3.64,3.51,3.62,3.55,3.71,3.62,-22.00,-22.00,28.00,28.00,-22.03,-22.06,28.10,28.24,-9999.900,70.000,-9999.900,69.817,0.000,0.000,-9999.900,6.440,0.000,-9999.900,19.998,100.000,19.950,20.000,10.5,30.0,9.7,30.0,"UNKNOWN",0.0,0.0,698.7,700.0,0.3,0.0,977.2,0.0,0.0,-4.6,978.1,-10.4,978.1,-1.5,-2.3,-1.5,-2.3,1.4,0.6,0.0,0.0,40.5,19.94,0.00,0.00,19.80,19.33,19.99,19.13,30.15,28.98,30.15,28.98,232.24,190.94,316.63,351.12,217.78,351.12,-0.24,-0.09,0.06,0.03,0.04,0.00,0.00,0.00,0.35,-0.06,-0.05,0.000,0.009,0.0,-154.6,1456.5,no value,3.190,-11.687,20.220,20.321,20.041,20.002,386.80,395.50,25.30,67.0,0.0,67.0,65.0,0.0,65.0,70.0,57.3,20.0,1839.6,1818.5,21.90,69.93,1.0,30.00,1.0,30.00,1.000,49.28,19.94,0.00,0.00,0.00,0.00,0.00,0.00,4.00,4.00,4.00,4.00,"CVD000301","02AE3F2643001032","Level 1: Benutzerstufe Hersteller","2016-04-14 / 18:44","Datenmittelung abgeschlossen",1.00,"",9.00,"Step Nr. 80",0.00,"",20.00,0.00,"KoVOMo_kurz_01.xpdl","NONE","NONE","NONE","NONE",0.000,1
"14/04/2016","19:08:23.479","100.000000000000000000","1","","","",139.92,139.95,14.58,13472.00,93.57,92.18,93.59,0.92,0,105.00,0.00,3500.42,-1.54,-1.05,3.54,2.86,-1.49,-1.01,3.12,2.64,814.47,814.47,1.011,1.019,0.977,0.988,1.000,1.000,0.978,0.989,0.83,0.83,-14.88,-14.88,0.85,0.85,-14.89,-14.90,19.17,19.17,0.00,0.00,0.00,0.00,0.00,0.00,0.00,0.00,0.00,-0.30,1.00,1.00,1.00,1.00,1.00,69.19,4.95,4.93,18.94,210.93,210.88,105.52,105.36,105.56,105.41,210.95,3500.78,1,227.04,90.70,82.77,324.97,58.96,324.74,541.69,19.43,19.43,19.43,19.43,542.07,541.41,542.04,541.39,975.00,1174.54,1174.54,1174.56,38.91,38.85,38.88,38.91,90.70,19.50,24.04,24.15,24.04,20.05,19.97,-32.25,1.00,1.00,1.05,0.00,0.00,93.22,99.99,99.99,0.99,0.99,20.85,20.75,20.78,20.83,20.75,20.87,20.71,20.79,20.87,-14.88,-14.88,0.84,0.84,-14.92,-14.90,0.85,0.85,-9999.900,70.000,-9999.900,70.060,0.000,0.000,-9999.900,6.437,0.000,-9999.900,20.002,100.000,19.960,20.000,10.5,30.0,9.7,30.0,"UNKNOWN",17.4,17.3,3500.1,3500.1,140.1,140.0,977.1,0.0,0.0,194.2,1174.5,187.7,1174.5,197.8,196.4,197.8,196.4,14.7,17.3,0.0,0.0,41.2,19.94,0.00,0.00,20.42,20.05,20.58,19.97,36.36,34.02,36.36,34.02,268.98,230.35,423.13,463.11,425.33,463.11,-0.02,-0.02,0.01,0.02,0.22,0.00,0.00,0.00,0.04,-0.02,-0.03,0.000,4.410,51.4,-150.0,2138.6,no value,4.504,-12.417,20.300,20.432,20.198,20.102,575.00,576.60,25.20,67.0,0.0,67.0,65.0,0.0,65.0,70.0,57.3,20.0,1901.2,1882.0,22.10,69.60,1.0,30.00,1.0,30.00,1.000,49.97,19.94,0.00,0.00,0.00,0.00,0.00,0.00,4.00,4.00,4.00,4.00,"CVD000301","02AE3F2643001032","Level 1: Benutzerstufe Hersteller","2016-04-14 / 18:44","Datenmittelung abgeschlossen",1.00,"",10.00,"Step Nr. 90",0.00,"",50.00,0.00,"KoVOMo_kurz_01.xpdl","NONE","NONE","NONE","NONE",0.000,1
"14/04/2016","19:08:53.940","100.000000000000000000","1","","","",216.94,216.94,22.10,13510.40,98.01,98.75,98.03,0.83,0,105.00,0.00,3501.43,-1.54,-1.05,3.54,2.86,-1.49,-1.01,3.12,2.64,849.73,849.73,1.003,1.021,0.981,0.996,1.000,1.000,0.981,0.996,-5.80,-5.80,-8.63,-8.63,-5.79,-5.78,-8.67,-8.65,17.01,17.01,0.00,0.00,0.00,0.00,0.00,0.00,0.00,0.00,0.00,-0.21,1.00,1.00,1.00,1.00,1.00,69.65,4.61,4.60,26.30,291.43,291.60,145.78,145.82,145.79,145.72,292.89,3501.27,1,230.39,94.98,87.12,328.36,58.59,328.09,728.37,21.95,21.95,21.95,21.95,728.43,728.37,728.43,728.30,975.00,1230.46,1230.46,1230.53,53.70,53.70,53.69,53.94,94.98,20.25,23.60,23.64,23.60,20.27,20.21,-32.25,1.00,1.00,1.37,0.00,0.00,97.67,39.65,39.65,0.99,0.99,24.44,24.24,24.28,24.37,24.32,24.45,24.19,24.27,24.45,-8.62,-8.65,-5.79,-5.79,-8.64,-8.67,-5.79,-5.79,-9999.900,70.000,-9999.900,70.031,0.000,0.000,-9999.900,6.437,0.000,-9999.900,19.999,100.000,19.960,20.000,10.5,30.0,9.7,30.0,"UNKNOWN",23.9,23.9,3500.7,3500.1,219.9,220.0,977.1,0.0,0.0,250.2,1230.5,245.3,1230.5,254.0,254.4,254.0,254.4,25.6,32.1,0.0,0.0,41.3,19.94,0.00,0.00,20.76,20.27,20.91,20.21,41.91,39.49,41.91,39.49,300.75,263.26,477.74,514.78,478.44,514.78,-0.01,-0.02,0.05,0.02,0.27,0.00,0.00,0.00,0.24,-0.01,-0.04,0.000,6.920,80.6,-143.6,2157.4,no value,4.480,-12.571,20.301,20.537,20.233,20.164,626.00,628.90,25.40,67.0,0.0,67.0,65.0,0.0,65.0,70.0,57.3,20.0,1940.7,1921.6,22.20,69.50,1.0,30.00,1.0,30.00,1.000,51.04,19.94,0.00,0.00,0.00,0.00,0.00,0.00,4.00,4.00,4.00,4.00,"CVD000301","02AE3F2643001032","Level 1: Benutzerstufe Hersteller","2016-04-14 / 18:44","Datenmittelung abgeschlossen",1.00,"",11.00,"Step Nr. 100",0.00,"",20.00,0.00,"KoVOMo_kurz_01.xpdl","NONE","NONE","NONE","NONE",0.000,1
"14/04/2016","19:09:24.403","100.000000000000000000","1","","","",97.67,97.68,11.16,13456.80,99.68,104.97,99.68,0.80,0,105.00,0.00,3999.59,-1.54,-1.05,3.54,2.86,-1.49,-1.01,3.12,2.64,809.95,809.95,1.020,1.028,0.966,0.977,1.000,1.000,0.968,0.978,0.87,0.87,-11.46,-11.46,0.91,0.87,-11.46,-11.47,22.30,22.30,0.00,0.00,0.00,0.00,0.00,0.00,0.00,0.00,0.00,-0.04,1.00,1.00,1.00,1.00,1.00,73.01,5.59,5.58,15.36,194.44,194.50,97.30,97.20,97.24,97.11,196.40,4001.12,1,251.93,98.68,92.80,349.97,56.00,349.64,456.94,17.13,17.13,17.13,17.13,457.12,456.71,457.14,456.71,975.00,1151.18,1151.18,1151.20,31.39,31.35,31.36,31.70,98.68,20.25,24.63,24.81,24.63,20.65,20.55,-32.25,1.00,1.00,0.93,0.00,0.00,99.17,100.00,100.00,0.99,0.99,20.23,20.16,20.17,20.20,20.09,20.27,20.07,20.18,20.27,-11.46,-11.46,0.87,0.87,-11.46,-11.46,0.86,0.90,-9999.900,70.000,-9999.900,70.097,0.000,0.000,-9999.900,6.440,0.000,-9999.900,20.006,100.000,19.980,20.000,10.5,30.0,9.7,30.0,"UNKNOWN",14.4,14.4,3999.7,4000.1,100.5,100.0,977.1,0.0,0.0,170.0,1151.2,163.6,1151.2,173.5,172.3,173.5,172.3,22.2,15.2,0.0,0.0,41.5,19.94,0.00,0.00,21.01,20.65,21.26,20.55,41.84,38.97,41.84,38.97,325.26,280.55,492.14,535.56,471.86,535.56,-0.04,-0.00,-0.00,0.02,0.33,-0.00,-0.00,0.00,0.35,-0.04,-0.02,0.000,3.164,42.1,-149.7,2358.6,no value,4.549,-12.400,20.325,20.609,20.300,20.197,615.20,619.20,25.80,67.0,0.0,67.0,65.0,0.0,65.0,70.0,57.3,20.0,1971.5,1952.9,22.21,69.57,1.0,30.00,1.0,30.00,1.000,51.35,19.94,0.00,0.00,0.00,0.00,0.00,0.00,4.00,4.00,4.00,4.00,"CVD000301","02AE3F2643001032","Level 1: Benutzerstufe Hersteller","2016-04-14 / 18:44","Datenmittelung abgeschlossen",1.00,"",12.00,"Step Nr. 110",0.00,"",20.00,0.00,"KoVOMo_kurz_01.xpdl","NONE","NONE","NONE","NONE",0.000,1
"14/04/2016","19:09:54.855","100.000000000000000000","1","","","",212.74,212.78,21.76,13480.40,102.43,109.86,102.45,0.76,0,105.00,0.00,4001.80,-1.54,-1.05,3.54,2.86,-1.49,-1.01,3.12,2.64,875.79,875.79,0.989,1.015,0.981,1.002,1.000,1.000,0.981,1.002,-7.30,-7.30,-6.73,-6.73,-7.29,-7.30,-6.77,-6.76,17.96,17.96,0.00,0.00,0.00,0.00,0.00,0.00,0.00,0.00,0.00,-0.07,1.00,1.00,1.00,1.00,1.00,73.85,5.18,5.17,26.46,335.92,335.87,167.93,167.93,167.92,167.82,337.87,4001.20,1,254.57,101.29,96.65,352.49,55.28,352.27,745.82,22.04,22.04,22.04,22.04,745.84,745.61,746.02,745.74,975.00,1298.92,1298.92,1298.98,54.14,54.12,54.14,54.48,101.29,21.00,24.28,24.21,24.28,21.39,21.38,-32.25,1.00,1.00,1.40,0.00,0.00,102.07,40.04,40.04,0.99,0.99,25.56,25.25,25.27,25.43,25.48,25.59,25.13,25.27,25.59,-6.73,-6.72,-7.31,-7.31,-6.71,-6.75,-7.31,-7.31,-9999.900,70.000,-9999.900,70.088,0.000,0.000,-9999.900,6.437,0.000,-9999.900,20.016,100.000,19.960,20.000,10.5,30.0,9.7,30.0,"UNKNOWN",23.7,23.7,4000.9,4000.1,219.8,220.0,977.1,0.0,0.0,320.0,1298.9,313.5,1298.9,323.8,322.7,323.8,322.7,33.4,40.2,0.0,0.0,41.4,19.92,0.00,0.00,21.74,21.39,21.98,21.38,47.78,45.13,47.78,45.13,342.78,298.49,526.29,565.74,528.91,565.74,-0.01,0.01,0.04,0.03,0.22,-0.00,-0.00,0.00,0.33,-0.02,-0.02,0.000,6.918,92.1,-139.0,2369.0,no value,3.892,-12.445,20.388,20.694,20.334,20.206,670.40,673.40,25.90,67.0,0.0,67.0,65.0,0.0,65.0,70.0,57.3,20.0,2001.2,1983.3,22.37,69.60,1.0,30.00,1.0,30.00,1.000,50.93,19.92,0.00,0.00,0.00,0.00,0.00,0.00,4.00,4.00,4.00,4.00,"CVD000301","02AE3F2643001032","Level 1: Benutzerstufe Hersteller","2016-04-14 / 18:44","Datenmittelung abgeschlossen",1.00,"",13.00,"Step Nr. 120",0.00,"",20.00,0.00,"KoVOMo_kurz_01.xpdl","NONE","NONE","NONE","NONE",0.000,1
"14/04/2016","19:10:25.457","100.000000000000000000","1","","","",12.87,12.88,0.00,13528.51,103.47,109.86,103.46,0.74,0,105.00,0.00,702.80,-1.27,-0.88,3.85,3.12,-1.34,-0.97,3.49,2.86,423.08,423.08,1.005,0.988,0.961,0.908,1.000,1.000,0.969,0.916,28.00,28.00,-22.00,-22.00,28.45,28.48,-22.17,-22.12,-4.15,9.47,0.00,0.00,0.00,0.00,0.00,0.00,0.00,0.00,0.00,-1.00,1.00,1.00,1.00,1.00,1.00,6.71,3.63,3.62,4.87,16.16,16.17,8.09,8.08,8.08,8.08,16.55,702.40,0,141.25,103.98,98.63,239.02,63.93,238.95,286.18,12.00,12.00,12.00,12.00,286.54,285.88,286.55,285.86,975.00,978.25,978.25,978.26,14.94,14.90,14.91,15.30,103.98,20.25,27.80,27.57,27.82,20.71,20.58,-32.25,1.00,1.00,0.51,0.00,0.00,102.85,99.82,99.82,1.01,1.01,3.60,3.68,3.71,3.67,3.53,3.63,3.55,3.72,3.63,-22.00,-22.00,28.00,28.00,-22.12,-22.18,28.47,28.44,-9999.900,70.000,-9999.900,69.767,0.000,0.000,-9999.900,6.441,0.000,-9999.900,20.022,100.000,19.950,20.000,10.5,30.0,9.7,30.0,"UNKNOWN",0.0,0.0,702.6,700.0,0.2,0.0,977.1,0.0,0.0,-4.4,978.3,-10.1,978.3,-1.2,-1.9,-1.2,-1.9,1.4,1.2,0.0,0.0,40.9,19.92,0.00,0.00,21.27,20.71,21.92,20.58,40.78,39.11,40.78,39.11,329.51,271.88,450.56,470.85,317.04,470.85,-0.45,-0.48,0.17,0.12,0.08,0.00,0.00,0.00,0.39,-0.03,-0.04,0.000,0.005,0.0,-154.2,1364.8,no value,5.368,-12.457,20.403,20.711,20.428,20.287,507.30,511.00,25.70,67.0,0.0,67.0,65.0,0.0,65.0,70.0,57.3,20.0,2020.0,2000.3,22.43,69.46,1.0,30.00,1.0,30.00,1.000,51.13,19.92,0.00,0.00,0.00,0.00,0.00,0.00,4.00,4.00,4.00,4.00,"CVD000301","02AE3F2643001032","Level 1: Benutzerstufe Hersteller","2016-04-14 / 18:44","Datenmittelung abgeschlossen",1.00,"",15.00,"Step Nr. 130",0.00,"",20.00,0.00,"KoVOMo_kurz_01.xpdl","NONE","NONE","NONE","NONE",0.000,1
"14/04/2016","19:10:55.929","100.000000000000000000","1","","","",95.56,95.54,10.72,13409.60,101.67,109.86,101.67,0.77,0,105.00,0.00,4459.90,-1.27,-0.88,3.85,3.12,-1.34,-0.97,3.49,2.86,834.93,834.93,1.023,1.040,0.945,0.962,1.000,1.000,0.946,0.963,-1.05,-1.05,-7.74,-7.74,-0.98,-0.96,-7.75,-7.75,23.74,23.74,0.00,0.00,0.00,0.00,0.00,0.00,0.00,0.00,0.00,-0.05,1.00,1.00,1.00,1.00,1.00,75.73,6.06,6.05,15.61,220.86,220.63,110.46,110.17,110.51,110.37,220.15,4459.13,1,283.99,102.92,99.20,382.11,53.53,381.69,463.32,17.11,17.11,17.11,17.11,463.73,463.15,463.55,463.08,975.00,1194.61,1194.61,1194.53,31.99,31.94,31.95,31.83,102.92,21.75,26.51,26.75,26.51,22.14,22.14,-32.25,1.00,1.00,0.94,0.00,0.00,101.25,100.00,100.00,0.99,0.99,21.07,20.90,20.93,21.01,20.99,21.09,20.80,20.92,21.09,-7.74,-7.74,-1.05,-1.05,-7.74,-7.74,-0.97,-0.96,-9999.900,70.000,-9999.900,70.173,0.000,0.000,-9999.900,6.438,0.000,-9999.900,19.998,100.000,19.930,20.000,10.5,30.0,9.7,30.0,"UNKNOWN",14.1,14.3,4459.9,4500.1,98.7,100.0,977.1,0.0,0.0,214.6,1194.6,208.0,1194.6,218.2,216.7,218.2,216.7,18.5,22.4,0.0,0.0,40.8,19.91,0.00,0.00,22.09,22.14,22.64,22.14,40.04,37.89,40.04,37.89,308.47,245.19,497.47,544.96,469.54,544.96,-0.07,-0.09,0.02,0.01,0.42,0.00,0.00,0.00,-0.12,-0.02,-0.02,0.000,3.106,46.1,-146.0,2570.7,no value,4.125,-12.860,20.417,20.832,20.577,20.300,622.80,619.40,26.00,67.0,0.0,67.0,65.0,0.0,65.0,70.0,57.3,20.0,2058.2,2040.1,22.60,69.68,1.0,30.00,1.0,30.00,1.000,51.49,19.91,0.00,0.00,0.00,0.00,0.00,0.00,4.00,4.00,4.00,4.00,"CVD000301","02AE3F2643001032","Level 1: Benutzerstufe Hersteller","2016-04-14 / 18:44","Datenmittelung abgeschlossen",1.00,"",16.00,"Step Nr. 140",0.00,"",20.00,0.00,"KoVOMo_kurz_01.xpdl","NONE","NONE","NONE","NONE",0.000,1
"14/04/2016","19:11:26.381","100.000000000000000000","1","","","",196.19,196.09,20.09,13440.80,104.67,109.86,104.69,0.72,0,105.00,0.00,4501.51,-1.27,-0.88,3.85,3.12,-1.34,-0.97,3.49,2.86,888.59,888.59,0.995,1.024,0.976,1.008,1.000,1.000,0.976,1.008,-8.40,-8.40,-5.00,-5.00,-8.40,-8.40,-5.02,-5.01,19.50,19.50,0.00,0.00,0.00,0.00,0.00,0.00,0.00,0.00,0.00,-0.11,1.00,1.00,1.00,1.00,1.00,76.67,5.81,5.80,25.42,359.28,359.58,179.83,179.75,179.62,179.64,361.76,4501.07,1,287.12,105.28,103.53,385.13,52.62,384.82,727.79,21.65,21.65,21.65,21.65,728.11,727.93,727.98,727.78,975.00,1386.63,1386.63,1386.77,51.49,51.49,51.47,51.89,105.28,22.50,25.88,25.67,25.88,22.95,22.94,-32.25,1.00,1.00,1.37,0.00,0.00,104.32,41.62,41.62,0.99,0.99,25.35,25.00,25.02,25.20,25.27,25.38,24.93,25.02,25.38,-5.01,-5.01,-8.39,-8.39,-4.99,-5.04,-8.39,-8.40,-9999.900,70.000,-9999.900,70.307,0.000,0.000,-9999.900,6.436,0.000,-9999.900,19.983,100.000,19.920,20.000,10.5,30.0,9.7,30.0,"UNKNOWN",22.2,22.2,4500.8,4500.1,200.2,200.0,977.1,0.0,0.0,408.0,1386.6,401.7,1386.6,411.9,410.9,411.9,410.9,37.4,46.5,0.0,0.0,41.2,19.89,0.00,0.00,23.31,22.95,23.78,22.94,53.16,49.78,53.16,49.78,341.54,291.12,539.55,584.73,543.68,584.73,0.00,-0.00,0.02,0.01,0.31,0.00,0.00,0.00,0.42,-0.03,-0.02,0.000,6.302,94.4,-142.1,2607.7,no value,3.715,-11.437,20.456,20.908,20.620,20.303,684.40,679.60,26.50,67.0,0.0,67.0,65.0,0.0,65.0,70.0,57.3,20.0,2096.5,2077.8,22.69,72.74,1.0,30.00,1.0,30.00,1.000,51.35,19.89,0.00,0.00,0.00,0.00,0.00,0.00,4.00,4.00,4.00,4.00,"CVD000301","02AE3F2643001032","Level 1: Benutzerstufe Hersteller","2016-04-14 / 18:44","Datenmittelung abgeschlossen",1.00,"",17.00,"Step Nr. 150",0.00,"",20.00,0.00,"KoVOMo_kurz_01.xpdl","NONE","NONE","NONE","NONE",0.000,1
"14/04/2016","19:11:56.833","100.000000000000000000","1","","","",557.43,557.25,57.04,13385.40,105.97,109.86,105.91,0.71,0,105.00,0.00,3003.88,-1.27,-0.88,3.85,3.12,-1.34,-0.97,3.49,2.86,885.24,885.24,1.003,1.007,0.991,0.985,1.000,1.000,0.991,0.985,-10.00,-10.00,-5.00,-5.00,-9.93,-9.92,-5.10,-5.13,10.37,10.37,0.00,-0.19,0.00,0.00,0.00,0.00,0.00,0.00,-0.01,-0.03,1.00,1.00,1.00,1.00,1.00,67.71,3.40,3.40,59.15,569.23,570.26,285.14,285.11,284.17,285.26,570.00,3003.94,1,342.06,108.70,106.24,439.90,48.84,439.76,1485.84,24.50,24.50,24.50,24.50,1483.46,1488.70,1483.23,1488.44,975.00,1488.61,1488.61,1488.56,122.00,122.48,122.22,122.46,108.70,24.28,27.00,26.98,27.01,24.61,24.82,-32.25,1.00,1.00,2.12,0.75,0.00,105.68,37.13,37.13,0.99,0.99,99.05,99.01,99.06,99.05,99.27,99.07,99.25,99.08,99.07,-5.00,-5.00,-10.00,-10.00,-5.13,-5.09,-9.90,-9.94,-9999.900,70.000,-9999.900,69.567,0.000,0.000,-9999.900,6.435,0.000,-9999.900,19.984,100.000,19.940,20.000,10.5,35.1,9.7,35.1,"UNKNOWN",54.7,55.2,3003.9,3000.1,574.7,580.0,977.1,0.0,0.0,523.6,1488.6,513.0,1488.6,528.1,522.3,528.1,522.3,84.6,109.6,0.0,0.0,41.2,19.89,0.00,0.00,25.28,24.60,26.00,24.82,59.56,58.27,59.56,58.27,395.57,350.56,635.63,664.64,603.97,664.64,-0.07,-0.08,0.10,0.13,0.14,0.00,0.00,0.00,0.25,-0.02,-0.06,0.000,18.087,180.8,-4.5,3029.6,no value,3.716,-12.331,20.514,20.991,20.697,20.308,725.40,732.10,25.80,67.0,0.0,67.0,65.0,0.0,65.0,70.0,57.3,20.0,2163.8,2156.5,50.08,69.77,1.0,34.97,1.0,34.97,1.000,52.03,19.89,0.00,0.00,0.00,0.00,0.00,0.00,4.00,4.00,4.00,4.00,"CVD000301","02AE3F2643001032","Level 1: Benutzerstufe Hersteller","2016-04-14 / 18:44","Datenmittelung abgeschlossen",1.00,"MD3",18.00,"Step Nr. 155",0.00,"",20.00,0.00,"KoVOMo_kurz_01.xpdl","NONE","NONE","NONE","NONE",0.000,1
"14/04/2016","19:12:27.385","100.000000000000000000","1","","","",116.44,116.44,12.63,13548.40,101.79,109.86,101.76,0.77,1,95.20,11.11,1996.64,-1.27,-0.88,3.85,3.12,-1.34,-0.97,3.49,2.86,760.70,760.70,0.997,1.001,0.970,0.975,1.000,1.000,0.967,0.973,-5.95,-5.95,-1.98,-1.98,-6.36,-6.23,-1.72,-1.74,11.58,11.65,0.00,0.00,0.00,0.00,0.00,0.00,0.00,0.00,0.00,-0.03,1.00,1.00,1.00,1.00,1.00,48.28,2.73,2.72,14.39,93.97,93.94,46.97,46.96,46.92,46.94,93.78,1996.32,0,172.43,108.50,108.74,269.88,64.50,270.10,868.97,22.78,22.78,22.79,22.79,868.61,868.38,868.93,868.85,975.00,1010.98,1010.98,1010.99,60.74,60.74,60.77,60.91,108.50,24.75,28.96,29.03,28.97,24.93,25.08,-32.25,1.00,1.00,1.55,0.00,0.00,101.45,21.03,21.03,0.99,0.99,18.90,18.89,18.92,18.94,18.87,18.97,18.88,18.97,18.97,-1.98,-1.97,-5.97,-5.97,-1.75,-1.71,-6.25,-6.37,-9999.900,70.000,-9999.900,70.694,0.000,0.000,-9999.900,6.444,0.000,-9999.900,20.006,100.000,19.940,20.000,10.5,30.0,9.7,30.0,"UNKNOWN",15.3,15.0,1996.5,2000.0,124.7,120.0,977.1,0.0,0.0,28.4,1011.0,22.7,1011.0,31.7,31.1,31.7,31.1,10.5,9.6,0.0,0.0,40.6,19.87,0.00,0.00,24.96,24.93,26.31,25.08,48.67,46.82,48.67,46.82,406.13,350.35,582.59,611.99,474.63,611.99,0.41,0.27,-0.26,-0.24,-0.22,0.00,0.00,0.00,0.14,-0.07,-0.07,0.000,3.923,26.1,-126.3,1657.1,no value,4.456,-12.209,20.545,21.051,20.708,20.339,634.40,623.30,25.80,67.0,0.0,67.0,65.0,0.0,65.0,70.0,57.3,20.0,2221.7,2206.7,102.42,69.39,1.0,30.00,1.0,30.00,1.000,51.93,19.87,0.00,0.00,0.00,0.00,0.00,0.00,4.00,4.00,4.00,4.00,"CVD000301","02AE3F2643001032","Level 1: Benutzerstufe Hersteller","2016-04-14 / 18:44","Datenmittelung abgeschlossen",1.00,"",19.00,"Step Nr. 160",0.00,"",20.00,0.00,"KoVOMo_kurz_01.xpdl","NONE","NONE","NONE","NONE",0.000,1
"14/04/2016","19:14:27.744","100.000000000000000000","1","","","",56.81,57.05,6.02,13544.36,97.43,109.86,97.42,0.85,1,105.00,0.00,1999.93,-1.27,-0.88,3.85,3.12,-1.34,-0.97,3.49,2.86,713.10,713.10,1.032,1.047,0.951,0.961,1.000,1.000,0.953,0.963,6.81,6.81,-12.48,-12.48,6.81,6.78,-12.47,-12.45,14.15,15.29,0.00,0.00,0.00,0.00,0.00,0.00,0.00,0.00,0.00,-0.55,1.00,1.00,1.00,1.00,1.00,88.60,2.94,2.93,8.64,57.81,57.87,28.93,28.93,28.89,28.85,58.02,1999.90,0,172.16,102.57,99.71,269.94,65.95,269.76,547.10,18.69,18.68,18.69,18.69,547.36,546.99,547.37,547.01,975.00,985.74,985.74,985.73,37.38,37.35,37.35,37.48,102.57,24.75,31.91,31.75,31.92,25.05,25.20,-32.25,1.00,1.00,1.07,0.00,0.00,96.84,21.03,21.03,1.00,0.99,10.88,10.77,10.80,10.85,10.86,10.90,10.51,10.79,10.90,-12.48,-12.47,6.80,6.80,-12.44,-12.49,6.78,6.81,-9999.900,70.000,-9999.900,70.017,0.000,0.000,-9999.900,6.444,0.000,-9999.900,19.998,100.000,19.930,20.000,10.5,30.0,9.7,30.0,"UNKNOWN",9.6,9.6,1999.9,2000.0,63.1,63.0,977.0,0.0,0.0,3.0,985.7,-2.6,985.7,6.2,5.6,6.2,5.6,-0.9,-1.7,0.0,0.0,40.0,19.79,0.00,0.00,25.22,25.05,27.32,25.20,33.53,33.61,33.53,33.61,295.76,225.53,432.91,444.25,343.66,444.25,-0.00,0.03,-0.01,-0.03,0.18,0.00,0.00,0.00,0.13,-0.01,-0.02,0.000,1.985,13.2,-157.6,1628.0,no value,5.362,-12.472,20.577,21.310,21.003,20.398,515.70,499.00,24.70,67.0,0.0,67.0,65.0,0.0,65.0,70.0,57.3,20.0,2250.2,2230.0,93.72,69.50,1.0,30.00,1.0,30.00,1.000,51.29,19.79,0.00,0.00,0.00,0.00,0.00,0.00,4.00,4.00,4.00,4.00,"CVD000301","02AE3F2643001032","Level 1: Benutzerstufe Hersteller","2016-04-14 / 18:44","Datenmittelung abgeschlossen",1.00,"TL",20.00,"Step Nr. 170",0.00,"",110.00,0.00,"KoVOMo_kurz_01.xpdl","NONE","NONE","NONE","NONE",0.000,1
"14/04/2016","19:14:58.405","100.000000000000000000","1","","","",11.73,11.74,0.00,13512.20,95.99,109.86,96.00,0.87,0,105.00,0.00,698.06,-1.38,-0.66,3.85,3.01,-1.34,-0.81,3.60,2.92,428.64,426.05,0.970,0.951,1.095,0.962,1.000,1.000,1.095,0.959,28.00,28.00,-22.00,-22.00,27.84,27.75,-21.96,-22.06,-5.55,9.35,0.00,0.00,0.00,0.00,0.00,0.00,0.00,0.00,0.00,-1.00,0.97,1.00,1.00,0.96,0.98,89.57,3.62,3.61,4.75,16.09,16.10,8.05,8.05,8.05,8.05,16.48,698.57,0,142.82,101.96,99.06,240.66,66.30,240.42,288.65,12.31,12.31,12.31,12.31,288.60,288.73,288.59,288.72,975.00,978.13,978.13,978.13,14.95,14.96,14.95,15.31,101.96,23.49,32.60,32.64,32.60,23.97,24.18,-32.25,1.00,1.00,0.55,0.00,0.00,95.53,99.85,99.85,0.97,0.96,3.78,3.90,3.92,3.87,3.56,3.80,3.82,3.91,3.80,-22.00,-22.00,28.00,28.00,-22.05,-21.96,27.76,27.85,-9999.900,70.000,-9999.900,69.866,0.000,0.000,-9999.900,6.444,0.000,-9999.900,19.990,100.000,19.920,20.000,10.5,30.0,9.7,30.0,"UNKNOWN",0.0,0.0,698.2,700.0,0.2,0.0,977.0,0.0,0.0,-4.6,978.1,-10.3,978.1,-1.5,-2.2,-1.5,-2.2,1.4,0.9,0.0,0.0,40.6,19.77,0.00,0.00,24.59,23.97,26.37,24.18,31.17,31.91,31.17,31.91,269.63,195.09,393.87,405.51,266.55,405.51,0.16,0.25,-0.04,0.06,0.24,-0.00,0.00,0.00,0.36,-0.02,-0.02,0.000,0.006,0.0,-145.7,1371.0,no value,5.301,-12.446,20.539,21.349,21.002,20.370,438.00,426.80,24.70,67.0,0.0,67.0,65.0,0.0,65.0,70.0,57.3,20.0,2238.7,2219.4,92.06,69.40,1.0,30.00,1.0,30.00,1.000,49.60,19.77,0.00,0.00,0.00,0.00,0.00,0.00,4.00,4.00,4.00,4.00,"CVD000301","02AE3F2643001032","Level 1: Benutzerstufe Hersteller","2016-04-14 / 18:44","Datenmittelung abgeschlossen",1.00,"",22.00,"Step Nr. 180",0.00,"",20.00,0.00,"KoVOMo_kurz_01.xpdl","NONE","NONE","NONE","NONE",0.000,1
